condition_label,runs,dice_mean,dice_sd,iou_mean,iou_sd,boundary_f1_mean,val_dice_mean,gap_mean
Real only,18,0.640541846852688,0.16131975846566102,0.5189224822020457,0.13789495178891892,0.7025437442338346,0.7578720408726574,0.11733019401996936
Real + inpainting,18,0.44425969106956664,0.151012022230823,0.3448262266929121,0.12568249212479057,0.4997084480011212,0.9466451882898519,0.5023854972202852
